ID,Name
1,John Doe
2,Jane Smith
3,Michael Johnson
4,Emily Brown
5,David Lee
6,Sarah Wilson
7,James Miller
8,Lisa Davis
9,Matthew Clark
10,Rebecca Martinez
11,Christopher Allen
12,Anna Hall
13,Joshua Young
14,Samantha Harris
15,Nathan Thompson
16,Elizabeth Lopez
17,Daniel King
18,Amanda Scott
19,Joseph Green
20,Mary Baker
21,Andrew Adams
22,Stephanie Campbell
23,Robert Hill
24,Julia Torres
25,William Moore
26,Laura Mitchell
27,Steven Carter
28,Karen Roberts
29,Brian Turner
30,Patricia Phillips
31,Kevin Evans
32,Ruth Rivera
33,Thomas Collins
34,Amy Stewart
35,Jason Morris
36,Angela Murphy
37,Ryan Cook
38,Deborah Bailey
39,Larry Reed
40,Teresa Nelson
41,Jeffrey Baker
42,Kelly Ramirez
43,Scott Cooper
44,Megan Morgan
45,Mark Peterson
46,Christine Bailey
47,Bruce Gonzales
48,Amy Ross
49,Jeremy Howard
50,Denise Foster
